"","rcp26","rcp85"
"ck",2.21759363623455,7.78667822040627
"dk",-0.65110771874814,-3.11122087495793
"t0",168.500177567249,179.006808457238
